Diabetes: Hemoglobin A1c Poor Control,122v4,0059,001,Effective Clinical Care, Intermediate Outcome,National Committee for Quality Assurance,-,-,X,-,X,X,X,X,"Diabetic Mellitus
Diabetic Retinopathy",X,X,-,-,X,-,GenPractice|Internal,Measure Specification Manuals
Diabetes: Low Density Lipoprotein (LDL-C) Control (<100 mg/dL),163v4,N/A,002,Effective Clinical Care, Intermediate Outcome,National Committee for Quality Assurance,-,-,-,-,X,-,-,-,-,-,-,-,-,X,X,,Measure Specification Manuals
Heart Failure (HF): Angiotensin-Converting Enzyme (ACE) Inhibitor or Angiotensin Receptor Blocker (ARB) Therapy for Left Ventricular Systolic Dysfunction (LVSD),135v4,0081,005,Effective Clinical Care,Process,American Medical Association-Physician Consortium for Performance Improvement,American College of Cardiology Foundation,American Heart Association,-,-,X,-,X,X,Heart Failure,-,-,-,-,X,-,Cardio|GenPractice|Hospital|Internal,Measure Specification Manuals
Coronary Artery Disease (CAD): Antiplatelet Therapy,N/A,0067,006,Effective Clinical Care,Process,American College of Cardiology,American Heart Association,American Medical Association-Physician Consortium for Performance Improvement,-,-,-,-,X,X,Coronary Artery Disease,-,X,-,-,-,-,Cardio,Measure Specification Manuals
Coronary Artery Disease (CAD): Beta-Blocker Therapy – Prior Myocardial Infarction (MI) or Left Ventricular Systolic Dysfunction (LVEF < 40%),145v4,0070,007,Effective Clinical Care,Process,American Medical Association-Physician Consortium for Performance Improvement,American College of Cardiology Foundation,American Heart Association,-,-,X,-,X,X,Coronary Artery Disease,-,-,-,-,X,-,Cardio,Measure Specification Manuals
Heart Failure (HF): Beta-Blocker Therapy for Left Ventricular Systolic Dysfunction (LVSD),144v4,0083,008,Effective Clinical Care,Process,American Medical Association-Physician Consortium for Performance Improvement,American College of Cardiology Foundation,American Heart Association,-,-,X,X,X,X,Heart Failure,-,X,-,-,X,-,Cardio|Hospital,Measure Specification Manuals
Anti-Depressant Medication Management,128v4,0105,009,Effective Clinical Care,Process,National Committee for Quality Assurance,-,-,-,-,X,-,-,-,-,-,-,-,-,X,-,Internal,Measure Specification Manuals
Primary Open-Angle Glaucoma (POAG): Optic Nerve Evaluation,143v4,0086,012,Effective Clinical Care,Process,American Medical Association-Physician Consortium for Performance Improvement,National Committee for Quality Assurance,-,X,-,X,-,-,X,-,-,-,-,-,X,-,Optho,Measure Specification Manuals
Age-Related Macular Degeneration (AMD): Dilated Macular Examination,N/A,0087,014,Effective Clinical Care,Process,American Academy of Ophthalmology,-,-,X,-,-,-,-,X,-,-,-,-,-,-,-,Optho,Measure Specification Manuals
Diabetic Retinopathy: Documentation of Presence or Absence of Macular Edema and Level of Severity of Retinopathy,167v4,0088,018,Effective Clinical Care,Process,American Medical Association-Physician Consortium for Performance Improvement,National Committee for Quality Assurance,-,-,-,X,-,X,-,Diabetic Retinopathy,-,-,-,-,X,-,Optho,Measure Specification Manuals
Diabetic Retinopathy: Communication with the Physician Managing Ongoing Diabetes Care,142v4,0089,019,Communication and Care Coordination ,Process,American Medical Association-Physician Consortium for Performance Improvement,National Committee for Quality Assurance,-,X,-,X,-,X,X,Diabetic Retinopathy,-,-,-,-,X,-,Optho,Measure Specification Manuals
Perioperative Care: Selection of Prophylactic Antibiotic – First OR Second Generation Cephalosporin,N/A,0268,021,Patient Safety,Process,American Medical Association-Physician Consortium for Performance Improvement,National Committee for Quality Assurance,-,X,-,-,-,-,X,-,-,-,-,-,-,-,GenSurgery,Measure Specification Manuals
Perioperative Care: Discontinuation of Prophylactic Parenteral Antibiotics (Non-Cardiac Procedures),N/A,0271,022,Patient Safety,Process,American Medical Association-Physician Consortium for Performance Improvement,National Committee for Quality Assurance,-,X,-,-,-,-,X,-,-,-,-,-,-,-,GenSurgery,Measure Specification Manuals
Perioperative Care: Venous Thromboembolism (VTE) Prophylaxis (When Indicated in ALL Patients),N/A,0239,023,Patient Safety,Process,American Medical Association-Physician Consortium for Performance Improvement,National Committee for Quality Assurance,-,X,-,-,-,-,X,-,-,-,-,-,-,-,GenSurgery,Measure Specification Manuals
Communication with the Physician or Other Clinician Managing On-going Care Post-Fracture for Men and Women Aged 50 Years and Older,N/A,0045,024,Communication and Care Coordination,Process,National Committee for Quality Assurance,American Medical Association-Physician Consortium for Performance Improvement,-,X,-,-,-,-,X,-,-,-,-,-,-,-,,Measure Specification Manuals
Stroke and Stroke Rehabilitation: Discharged on Antithrombotic Therapy,N/A,0325,032,Effective Clinical Care,Process,American Academy of Neurology,-,-,X,-,-,-,-,X,-,-,-,-,-,-,-,Hospital,Measure Specification Manuals
Screening for Osteoporosis for Women Aged 65-85 Years of Age,N/A,0046,039,Effective Clinical Care,Process,National Committee for Quality Assurance,American Medical Association-Physician Consortium for Performance Improvement,-,X,-,-,-,X,X,Preventive Care,-,-,-,-,-,-,ObGyn,Measure Specification Manuals
Osteoporosis: Pharmacologic Therapy for Men and Women Aged 50 Years and Older,N/A,N/A,041,Effective Clinical Care,Process,National Committee for Quality Assurance,American Medical Association-Physician Consortium for Performance Improvement,-,X,-,-,-,-,X,-,-,-,-,-,-,-,GenPractice|Internal|ObGyn,Measure Specification Manuals
Coronary Artery Bypass Graft (CABG): Use of Internal Mammary Artery (IMA) in Patients with Isolated CABG Surgery,N/A,0134,043,Effective Clinical Care,Process,Society of Thoracic Surgeons,-,-,-,-,-,-,X,X,Coronary Artery Bypass Graft,-,-,-,-,-,-,,Measure Specification Manuals
Coronary Artery Bypass Graft (CABG): Preoperative Beta-Blocker in Patients with Isolated CABG Surgery,N/A,0236,044,Effective Clinical Care,Process,Centers for Medicare & Medicaid Services,Quality Insights of Pennsylvania,-,-,-,-,-,X,X,Coronary Artery Bypass Graft,-,-,-,-,-,-,,Measure Specification Manuals
Medication Reconciliation Post-Discharge,N/A,0097,046,Communication and Care Coordination,Process,National Committee for Quality Assurance,American Medical Association-Physician Consortium for Performance Improvement,-,X,-,-,-,-,X,-,X,-,-,-,-,-,MultiChronic,Measure Specification Manuals
Care Plan,N/A,0326,047,Communication and Care Coordination,Process,National Committee for Quality Assurance,American Medical Association-Physician Consortium for Performance Improvement,-,X,-,-,-,X,X,"Chronic Kidney Disease
Heart Failure
HIV/AIDS
Parkinson's Disease
Chronic Obstructive Pulmonary Disorder 
Dementia
Multiple Chronic Conditions",X,-,-,-,-,-,Hospital|MultiChronic,Measure Specification Manuals
Urinary Incontinence: Assessment of Presence or Absence of Urinary Incontinence in Women Aged 65 Years and Older,N/A,N/A,048,Effective Clinical Care,Process,National Committee for Quality Assurance,American Medical Association-Physician Consortium for Performance Improvement,-,X,-,-,-,X,X,Preventive Care,-,-,-,-,-,-,MultiChronic|ObGyn|Urology,Measure Specification Manuals
Urinary Incontinence: Plan of Care for Urinary Incontinence in Women Aged 65 Years and Older,N/A,N/A,050,Person and Caregiver-Centered Experience and Outcomes,Process,National Committee for Quality Assurance,American Medical Association-Physician Consortium for Performance Improvement,-,X,-,-,-,-,X,-,-,-,-,-,-,-,GenPractice|Internal|ObGyn|Urology,Measure Specification Manuals
Chronic Obstructive Pulmonary Disease (COPD): Spirometry Evaluation,N/A,0091,051,Effective Clinical Care,Process,American Thoracic Society,-,-,X,-,-,-,X,X,Chronic Obstructive Pulmonary Disorder,-,-,-,-,-,-,,Measure Specification Manuals
Chronic Obstructive Pulmonary Disease (COPD): Inhaled Bronchodilator Therapy,N/A,0102,052,Effective Clinical Care,Process,American Thoracic Society,-,-,X,-,-,-,X,X,Chronic Obstructive Pulmonary Disorder,-,-,-,-,-,-,,Measure Specification Manuals
Asthma: Pharmacologic Therapy for Persistent Asthma - Ambulatory Care Setting,N/A,0047,053,Effective Clinical Care,Process,"American Academy of Allergy, Asthma, and Immunology",American Medical Association-Physician Consortium for Performance Improvement,National Committee for Quality Assurance,-,-,-,-,X,X,Asthma,-,-,-,-,-,-,,Measure Specification Manuals
Emergency Medicine: 12-Lead Electrocardiogram (ECG) Performed for Non-Traumatic Chest Pain,N/A,0090,054,Effective Clinical Care,Process,American Medical Association-Physician Consortium for Performance Improvement,National Committee for Quality Assurance,-,X,-,-,-,-,X,-,-,-,-,-,-,-,Emergency,Measure Specification Manuals
Appropriate Treatment for Children with Upper Respiratory Infection (URI),154v4,0069,065,Efficiency and Cost Reduction,Process,National Committee for Quality Assurance,-,-,-,-,X,-,-,X,-,-,-,-,-,X,-,GenPractice,Measure Specification Manuals
Appropriate Testing for Children with Pharyngitis,146v4,0002,066,Efficiency and Cost Reduction,Process,National Committee for Quality Assurance,-,-,-,-,X,-,-,X,-,-,-,-,-,X,-,Emergency|GenPractice,Measure Specification Manuals
Hematology: Myelodysplastic Syndrome (MDS) and Acute Leukemia: Baseline Cytogenetic Testing Performed on Bone Marrow,N/A,0377,067,Effective Clinical Care,Process,American Medical Association-Physician Consortium for Performance Improvement,American Society of Hematology,-,-,-,-,-,-,X,-,-,-,-,-,-,-,Oncology,Measure Specification Manuals
Hematology: Myelodysplastic Syndrome (MDS): Documentation of Iron Stores in Patients Receiving Erythropoietin Therapy,N/A,0378,068,Effective Clinical Care,Process,American Medical Association-Physician Consortium for Performance Improvement,American Society of Hematology,-,-,-,-,-,-,X,-,-,-,-,-,-,-,Oncology,Measure Specification Manuals
Hematology: Multiple Myeloma: Treatment with Bisphosphonates,N/A,0380,069,Effective Clinical Care,Process,American Medical Association-Physician Consortium for Performance Improvement,American Society of Hematology,-,-,-,-,-,-,X,-,-,-,-,-,-,-,Oncology,Measure Specification Manuals
Hematology: Chronic Lymphocytic Leukemia (CLL): Baseline Flow Cytometry,N/A,0379,070,Effective Clinical Care,Process,American Medical Association-Physician Consortium for Performance Improvement,American Society of Hematology,-,-,-,-,-,-,X,-,-,-,-,-,-,-,Oncology,Measure Specification Manuals
Breast Cancer: Hormonal Therapy for Stage IC -IIIC Estrogen Receptor/Progesterone Receptor (ER/PR) Positive Breast Cancer,140v4,0387,071,Effective Clinical Care,Process,American Medical Association-Physician Consortium for Performance Improvement,American Society of Clinical Oncology,National Comprehensive Cancer Network,X,-,X,-,X,X,Oncology,-,-,-,-,X,-,Oncology,Measure Specification Manuals
Colon Cancer: Chemotherapy for AJCC Stage III Colon Cancer Patients,141v5,0385,072,Effective Clinical Care,Process,American Medical Association-Physician Consortium for Performance Improvement,American Society of Clinical Oncology,National Comprehensive Cancer Network,X,-,X,-,X,X,Oncology,-,-,-,-,X,-,Oncology,Measure Specification Manuals
Prevention of Central Venous Catheter (CVC)-Related Bloodstream Infections,N/A,N/A,076,Patient Safety,Process,American Society of Anesthesiologists,-,-,X,-,-,-,-,X,-,-,-,-,-,-,-,Hospital,Measure Specification Manuals
Hepatitis C: Ribonucleic Acid (RNA) Testing Before Initiating Treatment,N/A,0395,084,Effective Clinical Care,Process,American Medical Association-Physician Consortium for Performance Improvement,American Gastroenterological Association,-,-,-,-,-,X,-,Hepatitis C,-,-,-,-,-,-,,Measure Specification Manuals
Hepatitis C: Hepatitis C Virus (HCV) Genotype Testing Prior to Treatment,N/A,0396,085,Effective Clinical Care,Process,American Medical Association-Physician Consortium for Performance Improvement,American Gastroenterological Association,-,-,-,-,-,X,-,Hepatitis C,-,-,-,-,-,-,,Measure Specification Manuals
Hepatitis C: Hepatitis C Virus (HCV) Ribonucleic Acid (RNA) Testing Between 4-12 Weeks After Initiation of Treatment,N/A,0398,087,Effective Clinical Care,Process,American Medical Association-Physician Consortium for Performance Improvement,American Gastroenterological Association,-,-,-,-,-,X,-,Hepatitis C,-,-,-,-,-,-,,Measure Specification Manuals
Acute Otitis Externa (AOE): Topical Therapy,N/A,0653,091,Effective Clinical Care,Process,American Academy of Otolaryngology-Head and Neck Surgery,-,-,X,-,-,-,X,X,Acute Otitis Externa (AOE) ,-,-,-,-,-,-,Emergency,Measure Specification Manuals
Acute Otitis Externa (AOE): Systemic Antimicrobial Therapy – Avoidance of Inappropriate Use,N/A,0654,093,Efficiency and Cost Reduction,Process,American Academy of Otolaryngology-Head and Neck Surgery,-,-,X,-,-,-,X,X,Acute Otitis Externa (AOE),-,-,-,-,-,-,Emergency|GenPractice,Measure Specification Manuals
Breast Cancer Resection Pathology Reporting: pT Category (Primary Tumor) and pN Category (Regional Lymph Nodes) with Histologic Grade,N/A,0391,099,Effective Clinical Care,Process,College of American Pathologists,-,-,X,-,-,-,-,X,-,-,-,-,-,-,-,Pathology,Measure Specification Manuals
Colorectal Cancer Resection Pathology Reporting: pT Category (Primary Tumor) and pN Category (Regional Lymph Nodes) with Histologic Grade,N/A,0392,100,Effective Clinical Care,Process,College of American Pathologists,-,-,X,-,-,-,-,X,-,-,-,-,-,-,-,Pathology,Measure Specification Manuals
Prostate Cancer: Avoidance of Overuse of Bone Scan for Staging Low Risk Prostate Cancer Patients,129v5,0389,102,Efficiency and Cost Reduction,Process,American Medical Association-Physician Consortium for Performance Improvement,-,-,-,-,X,-,-,X,-,-,-,-,-,x,-,Radiology|Urology,Measure Specification Manuals
Prostate Cancer: Adjuvant Hormonal Therapy for High Risk or Very High Risk Prostate Cancer,N/A,0390,104,Effective Clinical Care,Process,American Medical Association-Physician Consortium for Performance Improvement,American Urological Association Education and Research,-,-,-,-,-,-,X,-,-,-,-,-,-,-,Urology,Measure Specification Manuals
Adult Major Depressive Disorder (MDD): Suicide Risk Assessment,161v4,0104,107,Effective Clinical Care,Process,American Medical Association-Physician Consortium for Performance Improvement,-,-,-,-,X,-,-,-,-,-,-,-,-,X,-,,Measure Specification Manuals
Rheumatoid Arthritis (RA): Disease Modifying Anti-Rheumatic Drug (DMARD) Therapy,N/A,0054,108,Effective Clinical Care,Process,National Committee for Quality Assurance,-,-,-,-,-,-,X,-,Rheumatoid Arthritis,-,-,-,-,-,-,,Measure Specification Manuals
Osteoarthritis (OA): Function and Pain Assessment,N/A,N/A,109,Person and Caregiver-Centered Experience and Outcomes,Process,American Academy of Orthopedic Surgeons,-,-,X,-,-,-,-,X,-,-,-,-,-,-,-,GenPractice|Internal,Measure Specification Manuals
Preventive Care and Screening: Influenza Immunization ,147v5,0041,110,Community/Population Health,Process,American Medical Association-Physician Consortium for Performance Improvement,-,-,X,-,X,X,X,X,"Chronic Kidney Disease
Preventive Care
Chronic Obstructive Pulmonary Disorder
Oncology
Asthma 
Diabetes Mellitus
Heart Failure
Inflammatory Bowel Disease
Multiple Chronic Conditions ",X,X,-,-,X,-,MultiChronic,Measure Specification Manuals
Pneumonia Vaccination Status for Older Adults,127v4,0043,111,Community/Population Health,Process,National Committee for Quality Assurance,-,-,X,-,X,X,X,X,"Preventive Care
Chronic Obstructive Pulmonary Disorder
Inflammatory Bowel Disease ",X,X,-,-,X,-,MultiChronic,Measure Specification Manuals
Breast Cancer Screening,125v4,2372,112,Effective Clinical Care,Process,National Committee for Quality Assurance,-,-,X,-,X,X,X,X,Preventive Care,X,X,-,-,X,-,GenPractice|Internal|ObGyn,Measure Specification Manuals
Colorectal Cancer Screening,130v4,0034,113,Effective Clinical Care,Process,National Committee for Quality Assurance,-,-,X,-,X,X,X,X,Preventive Care,-,-,-,-,X,-,Gastro|GenPractice|Internal,Measure Specification Manuals
Antibiotic Treatment for Adults with Acute Bronchitis: Avoidance of Inappropriate Use,N/A,0058,116,Efficiency and Cost Reduction,Process,National Committee for Quality Assurance,-,-,-,-,-,-,-,X,-,-,-,-,-,-,-,Emergency|GenPractice|Internal,Measure Specification Manuals
Diabetes: Eye Exam,131v4,0055,117,Effective Clinical Care,Process,National Committee for Quality Assurance,-,-,X,-,X,X,X,X,"Diabetes Mellitus
Diabetic Retinopathy",-,X,-,-,X,-,GenPractice|Internal|Optho,Measure Specification Manuals
Coronary Artery Disease (CAD): Angiotensin-Converting Enzyme (ACE) Inhibitor or Angiotensin Receptor Blocker (ARB) Therapy -- Diabetes or Left Ventricular Systolic Dysfunction (LVEF < 40%),N/A,0066,118,Effective Clinical Care,Process,American College of Cardiology,American Heart Association,American Medical Association-Physician Consortium for Performance Improvement,-,-,-,X,-,X,-,-,X,-,-,-,-,,Measure Specification Manuals
Diabetes: Medical Attention for Nephropathy,134v4,0062,119,Effective Clinical Care,Process,National Committee for Quality Assurance,-,-,-,-,X,-,X,X,Diabetes Mellitus,-,-,-,-,X,-,Urology,Measure Specification Manuals
Adult Kidney Disease: Laboratory Testing (Lipid Profile),N/A,N/A,121,Effective Clinical Care,Process,Renal Physicians Association,-,-,-,-,-,-,X,X,Chronic Kidney Disease,-,-,-,-,-,-,,Measure Specification Manuals
Adult Kidney Disease: Blood Pressure Management,N/A,N/A,122,Effective Clinical Care, Intermediate Outcome,Renal Physicians Association,-,-,-,-,-,-,X,X,Chronic Kidney Disease,-,-,X,-,-,-,,Measure Specification Manuals
"Diabetes Mellitus: Diabetic Foot and Ankle Care, Peripheral Neuropathy –
Neurological Evaluation",N/A,0417,126,Effective Clinical Care,Process,American Podiatric Medical Association,-,-,-,-,-,-,X,X,Diabetes Mellitus,-,-,-,-,-,-,PhysTherapy,Measure Specification Manuals
"Diabetes Mellitus: Diabetic Foot and Ankle Care, Ulcer Prevention – Evaluation of Footwear",N/A,0416,127,Effective Clinical Care,Process,American Podiatric Medical Association,-,-,-,-,-,-,-,X,-,-,-,-,-,-,-,PhysTherapy,Measure Specification Manuals
Preventive Care and Screening: Body Mass Index (BMI) Screening and Follow-Up Plan,69v4,0421,128,Community/Population Health,Process,Centers for Medicare & Medicaid Services,Mathematica,Quality Insights of Pennsylvania,X,-,X,X,X,X,"Preventive Care
Sleep Apnea
Asthma
Rheumatoid Arthritis
Coronary Artery Disease
Multiple Chronic Conditions
",X,X,-,-,X,-,MultiChronic|PhysTherapy,Measure Specification Manuals
Documentation of Current Medications in the Medical Record,68v5,0419,130,Patient Safety,Process,Centers for Medicare & Medicaid Services,Mathematica,Quality Insights of Pennsylvania,X,-,X,X,X,X,"Chronic Kidney Disease
Oncology
Chronic Obstructive Pulmonary Disorder
Cataracts
General Surgery
Heart Failure
Hepatitis C
Sinusitis 
Sleep Apnea
Total Knee Replacement
Asthma
Acute Otitis Externa (AOE)
Coronary Artery Disease
Cardiovascular Prevention
Diabetic Retinopathy
Multiple Chronic Conditions",X,X,-,-,X,-,Hospital|MultiChronic|PhysTherapy,Measure Specification Manuals
Pain Assessment and Follow-Up,N/A,0420,131,Communication and Care Coordination,Process,Centers for Medicare & Medicaid Services,Quality Insights of Pennsylvania,-,X,-,-,-,X,X,"Acute Otitis Externa (AOE)
Sinusitis 
Rheumatoid Arthritis
Multiple Chronic Conditions",X,-,-,-,-,-,MultiChronic|PhysTherapy,Measure Specification Manuals
Preventive Care and Screening: Screening for Clinical Depression and Follow-Up Plan,2v5,0418,134,Community/Population Health,Process,Centers for Medicare & Medicaid Services,Mathematica,Quality Insights of Pennsylvania,X,-,X,X,X,X,"Preventive Care 
HIV/AIDS 
Multiple Chronic Conditions
Dementia",X,X,-,-,X,-,Internal|Mental|MultiChronic|PhysTherapy,Measure Specification Manuals
Melanoma: Continuity of Care – Recall System,N/A,0650,137,Communication and Care Coordination,Structure,American Academy of Dermatology,American Medical Association-Physician Consortium for Performance Improvement,-,-,-,-,-,-,X,-,-,-,-,-,-,-,Derma,Measure Specification Manuals
Melanoma: Coordination of Care,N/A,N/A,138,Communication and Care Coordination,Process,American Academy of Dermatology,American Medical Association-Physician Consortium for Performance Improvement,-,-,-,-,-,-,X,-,-,-,-,-,-,-,Derma,Measure Specification Manuals
Age-Related Macular Degeneration (AMD): Counseling on Antioxidant Supplement,N/A,0566,140,Effective Clinical Care,Process,American Academy of Ophthalmology,-,-,X,-,-,-,-,X,-,-,-,-,-,-,-,Optho,Measure Specification Manuals
Primary Open-Angle Glaucoma (POAG): Reduction of Intraocular Pressure (IOP) by 15% OR Documentation of a Plan of Care,N/A,0563,141,Communication and Care Coordination,Outcome,American Academy of Ophthalmology,-,-,X,-,-,-,-,X,-,-,-,-,-,-,-,Optho,Measure Specification Manuals
Oncology: Medical and Radiation – Pain Intensity Quantified,157v4,0384,143,Person and Caregiver-Centered Experience and Outcomes,Process,American Medical Association-Physician Consortium for Performance Improvement,-,-,-,-,X,-,X,X,Oncology,-,-,-,-,X,-,Oncology|Radiology,Measure Specification Manuals
Oncology: Medical and Radiation – Plan of Care for Pain,N/A,0383,144,Person and Caregiver-Centered Experience and Outcomes,Process,American Society of Clinical Oncology,-,-,-,-,-,-,X,X,Oncology,-,-,-,-,-,-,Oncology|Radiology,Measure Specification Manuals
Radiology: Exposure Time Reported for Procedures Using Fluoroscopy,N/A,N/A,145,Patient Safety,Process,American College of Radiology,American Medical Association-Physician Consortium for Performance Improvement,-,X,-,-,-,-,X,-,-,-,-,-,-,-,,Measure Specification Manuals
Radiology: Inappropriate Use of “Probably Benign” Assessment Category in Mammography Screening,N/A,0508,146,Efficiency and Cost Reduction,Process,American College of Radiology,American Medical Association-Physician Consortium for Performance Improvement,-,X,-,-,-,-,X,-,-,-,-,-,-,-,,Measure Specification Manuals
Nuclear Medicine: Correlation with Existing Imaging Studies for All Patients Undergoing Bone Scintigraphy,N/A,N/A,147,Communication and Care Coordination,Process,American Medical Association-Physician Consortium for Performance Improvement,Society of Nuclear Medicine and Molecular Imaging,-,X,-,-,-,-,X,-,-,-,-,-,-,-,Radiology,Measure Specification Manuals
Falls: Risk Assessment,N/A,0101,154,Patient Safety,Process,National Committee for Quality Assurance,American Medical Association-Physician Consortium for Performance Improvement,-,X,-,-,-,X,X,"Acute Otitis Externa (AOE)
Multiple Chronic Conditions",X,-,-,-,-,-,GenPractice|Internal|MultiChronic|PhysTherapy,Measure Specification Manuals
Falls: Plan of Care,N/A,0101,155,Communication and Care Coordination,Process,National Committee for Quality Assurance,American Medical Association-Physician Consortium for Performance Improvement,-,X,-,-,-,X,X,"Acute Otitis Externa (AOE)
Multiple Chronic Conditions",X,-,-,-,-,-,GenPractice|Internal|MultiChronic|PhysTherapy,Measure Specification Manuals
Oncology: Radiation Dose Limits to Normal Tissues,N/A,0382,156,Patient Safety,Process,American Society for Radiation Oncology,-,-,X,-,-,-,-,X,-,-,-,-,-,-,-,Radiology,Measure Specification Manuals
HIV/AIDS: Pneumocystis Jiroveci Pneumonia (PCP) Prophylaxis,52v4,0405,160,Effective Clinical Care,Process,National Committee for Quality Assurance,-,-,-,-,X,-,X,-,HIV/AIDS,-,-,-,-,X,-,,Measure Specification Manuals
Diabetes: Foot Exam,123v4,0056,163,Effective Clinical Care,Process,National Committee for Quality Assurance,-,-,-,-,X,-,-,-,-,-,X,-,-,X,-,Internal,Measure Specification Manuals
Coronary Artery Bypass Graft (CABG): Prolonged Intubation,N/A,0129,164,Effective Clinical Care,Outcome,Society of Thoracic Surgeons,-,-,-,-,-,-,X,X,Coronary Artery Bypass Graft,-,-,-,-,-,-,,Measure Specification Manuals
Coronary Artery Bypass Graft (CABG): Deep Sternal Wound Infection Rate,N/A,0130,165,Effective Clinical Care,Outcome,Society of Thoracic Surgeons,-,-,-,-,-,-,X,-,Coronary Artery Bypass Graft,-,-,-,-,-,-,,Measure Specification Manuals
Coronary Artery Bypass Graft (CABG): Stroke,N/A,0131,166,Effective Clinical Care,Outcome,Society of Thoracic Surgeons,-,-,-,-,-,-,X,-,Coronary Artery Bypass Graft,-,-,-,-,-,-,,Measure Specification Manuals
Coronary Artery Bypass Graft (CABG): Postoperative Renal Failure,N/A,0114,167,Effective Clinical Care,Outcome,Society of Thoracic Surgeons,-,-,-,-,-,-,X,-,Coronary Artery Bypass Graft,-,-,-,-,-,-,,Measure Specification Manuals
Coronary Artery Bypass Graft (CABG): Surgical Re-Exploration,N/A,0115,168,Effective Clinical Care,Outcome,Society of Thoracic Surgeons,-,-,-,-,-,-,X,-,Coronary Artery Bypass Graft,-,-,-,-,-,-,,Measure Specification Manuals
Rheumatoid Arthritis (RA): Tuberculosis Screening,N/A,N/A,176,Effective Clinical Care,Process,American College of Rheumatology,-,-,-,-,-,-,X,-,Rheumatoid Arthritis,-,-,X,-,-,-,,Measure Specification Manuals
Rheumatoid Arthritis (RA): Periodic Assessment of Disease Activity,N/A,N/A,177,Effective Clinical Care,Process,American College of Rheumatology,-,-,-,-,-,-,X,-,Rheumatoid Arthritis,-,-,X,-,-,-,,Measure Specification Manuals
Rheumatoid Arthritis (RA): Functional Status Assessment,N/A,N/A,178,Effective Clinical Care,Process,American College of Rheumatology,,,-,-,-,-,X,X,Rheumatoid Arthritis,-,-,X,-,-,-,,Measure Specification Manuals
Rheumatoid Arthritis (RA): Assessment and Classification of Disease Prognosis,N/A,N/A,179,Effective Clinical Care,Process,American College of Rheumatology,-,-,-,-,-,-,X,-,Rheumatoid Arthritis,-,-,X,-,-,-,,Measure Specification Manuals
Rheumatoid Arthritis (RA): Glucocorticoid Management,N/A,N/A,180,Effective Clinical Care,Process,American College of Rheumatology,-,-,-,-,-,-,X,-,Rheumatoid Arthritis,-,-,X,-,-,-,,Measure Specification Manuals
Elder Maltreatment Screen and Follow-Up Plan,N/A,N/A,181,Patient Safety,Process,Centers for Medicare & Medicaid Services,Quality Insights of Pennsylvania,-,X,-,-,-,-,X,-,-,-,X,-,-,-,GenPractice|Internal|Mental|MultiChronic|PhysTherapy,Measure Specification Manuals
Functional Outcome Assessment,N/A,2624,182,Communication and Care Coordination,Process,Centers for Medicare & Medicaid Services,Quality Insights of Pennsylvania,-,X,-,-,-,-,X,-,X,-,X,-,-,-,PhysTherapy,Measure Specification Manuals
Hepatitis C: Hepatitis A Vaccination,N/A,0399,183,Community/Population Health,Process,American Medical Association-Physician Consortium for Performance Improvement,American Gastroenterological Association,-,-,-,-,-,X,-,Hepatitis C,-,-,-,-,-,-,,Measure Specification Manuals
Colonoscopy Interval for Patients with a History of Adenomatous Polyps – Avoidance of Inappropriate Use,N/A,0659,185,Communication and Care Coordination,Process,American Medical Association-Physician Consortium for Performance Improvement,American Gastroenterological Association,"American Society for Gastrointestinal Endoscopy/ American College of Gastroenterology
",X,-,-,-,-,X,-,-,-,-,-,-,-,Gastro,Measure Specification Manuals
Stroke and Stroke Rehabilitation: Thrombolytic Therapy,N/A,N/A,187,Effective Clinical Care,Outcome,American Heart Association,American Society of Anesthesiologists,The Joint Commission,-,-,-,-,-,X,-,-,-,-,-,-,-,Hospital,Measure Specification Manuals
Cataracts: 20/40 or Better Visual Acuity within 90 Days Following Cataract Surgery,133v4,0565,191,Effective Clinical Care,Outcome,American Medical Association-Physician Consortium for Performance Improvement,National Committee for Quality Assurance,-,-,-,X,-,X,X,Cataracts,-,-,-,-,X,-,Optho,Measure Specification Manuals
Cataracts: Complications within 30 Days Following Cataract Surgery Requiring Additional Surgical Procedures,132v4,0564,192,Patient Safety,Outcome,American Medical Association-Physician Consortium for Performance Improvement,National Committee for Quality Assurance,-,-,-,X,-,X,X,Cataracts,-,-,-,-,X,-,Optho,Measure Specification Manuals
Radiology: Stenosis Measurement in Carotid Imaging Reports,N/A,0507,195,Effective Clinical Care,Process,American College of Radiology,American Medical Association-Physician Consortium for Performance Improvement,-,X,-,-,-,-,X,-,-,-,-,-,-,-,,Measure Specification Manuals
Ischemic Vascular Disease (IVD): Use of Aspirin or Another Antithrombotic,164v4,0068,204,Effective Clinical Care,Process,National Committee for Quality Assurance,-,-,X,-,X,X,X,X,Cardiovascular Prevention,-,-,-,-,X,X,Cardio|GenPractice|Internal|ObGyn,Measure Specification Manuals
"HIV/AIDS: Sexually Transmitted Disease Screening for Chlamydia, Gonorrhea, and Syphilis",N/A,0409,205,Effective Clinical Care,Process,National Committee for Quality Assurance,American Medical Association-Physician Consortium for Performance Improvement,-,-,-,-,-,X,X,HIV/AIDS,-,-,-,-,-,-,,Measure Specification Manuals
Functional Deficit: Change in Risk-Adjusted Functional Status for Patients with Knee Impairments,N/A,0422,217,Communication and Care Coordination,Process,"Focus on Therapeutic Outcomes, Inc.",-,-,-,-,-,-,-,X,-,-,-,-,-,-,-,PhysTherapy,Measure Specification Manuals
Functional Deficit: Change in Risk-Adjusted Functional Status for Patients with Hip Impairments,N/A,0423,218,Communication and Care Coordination,Outcome,"Focus on Therapeutic Outcomes, Inc.",-,-,-,-,-,-,-,X,-,-,-,-,-,-,-,PhysTherapy,Measure Specification Manuals
Functional Deficit: Change in Risk-Adjusted Functional Status for Patients with Lower Leg, Foot or Ankle Impairments",N/A,0424,219,Communication and Care Coordination,Outcome,"Focus on Therapeutic Outcomes, Inc.",-,-,-,-,-,-,-,X,-,-,-,-,-,-,-,PhysTherapy,Measure Specification Manuals
Functional Deficit: Change in Risk-Adjusted Functional Status for Patients with Lumbar Spine Impairments,N/A,0425,220,Communication and Care Coordination,Outcome,"Focus on Therapeutic Outcomes, Inc.",-,-,-,-,-,-,-,X,-,-,-,-,-,-,-,PhysTherapy,Measure Specification Manuals
Functional Deficit: Change in Risk-Adjusted Functional Status for Patients with Shoulder Impairments,N/A,0426,221,Communication and Care Coordination,Outcome,"Focus on Therapeutic Outcomes, Inc.",-,-,-,-,-,-,-,X,-,-,-,-,-,-,-,PhysTherapy,Measure Specification Manuals
Functional Deficit: Change in Risk-Adjusted Functional Status for Patients with Elbow, Wrist or Hand Impairments",N/A,0427,222,Communication and Care Coordination,Outcome,"Focus on Therapeutic Outcomes, Inc.",-,-,-,-,-,-,-,X,-,-,-,-,-,-,-,PhysTherapy,Measure Specification Manuals
Functional Deficit: Change in Risk-Adjusted Functional Status for Patients with Neck, Cranium, Mandible, Thoracic Spine, Ribs, or Other General Orthopedic Impairments",N/A,0428,223,Communication and Care Coordination,Outcome,"Focus on Therapeutic Outcomes, Inc.",-,-,-,-,-,-,-,X,-,-,-,-,-,-,-,PhysTherapy,Measure Specification Manuals
Melanoma: Overutilization of Imaging Studies in Melanoma,N/A,0562,224,Efficiency and Cost Reduction,Process,American Academy of Dermatology,American Medical Association-Physician Consortium for Performance Improvement,-,-,-,-,-,-,X,-,-,-,-,-,-,-,Derma,Measure Specification Manuals
Radiology: Reminder System for Screening Mammograms,N/A,0509,225,Communication and Care Coordination,Structure,American College of Radiology,American Medical Association-Physician Consortium for Performance Improvement,-,X,-,-,-,-,X,-,-,-,-,-,-,-,Radiology,Measure Specification Manuals
Preventive Care and Screening: Tobacco Use: Screening and Cessation Intervention,138v4,0028,226,Community/Population Health,Process,American Medical Association-Physician Consortium for Performance Improvement,-,-,X,-,X,X,X,X,"Preventive Care
Heart Failure
Coronary Artery Disease
Chronic Obstructive Pulmonary Disease
Inflammatory Bowel Disease
Asthma
Oncology
Chronic Kidney Disease
Cataracts
Diabetic Mellitus
General Surgery
Hepatitis C
HIV/AIDS
Sinusitis 
Sleep Apnea
Total Knee Replacement
Acute Otitis Externa (AOE)
Cardiovascular Prevention
Diabetic Retinopathy",X,X,-,-,X,X,Cardio|Gastro|Internal|Mental|MultiChronic|ObGyn|Optho|PhysTherapy,Measure Specification Manuals
Controlling High Blood Pressure,165v4,0018,236,Effective Clinical Care, Intermediate Outcome,National Committee for Quality Assurance,-,-,X,-,X,X,X,X,Cardiovascular Prevention,X,X,-,-,X,X,Cardio|GenPractice|Internal|MultiChronic|ObGyn,Measure Specification Manuals
Use of High-Risk Medications in the Elderly,156v4,0022,238,Patient Safety,Process,National Committee for Quality Assurance,-,-,-,-,X,-,X,X,Multiple Chronic Conditions,-,-,-,-,X,-,MultiChronic,Measure Specification Manuals
Weight Assessment and Counseling for Nutrition and Physical Activity for Children and Adolescents,155v4,0024,239,Community/Population Health,Process,National Committee for Quality Assurance,-,-,-,-,X,-,-,-,-,-,-,-,-,X,-,,Measure Specification Manuals
Childhood Immunization Status,117v4,0038,240,Community/Population Health,Process,National Committee for Quality Assurance,-,-,-,-,X,-,-,-,-,X,-,-,-,X,-,,Measure Specification Manuals
Ischemic Vascular Disease (IVD): Complete Lipid Profile and LDL-C Control (< 100 mg/dL),182v5,N/A,241,Effective Clinical Care, Intermediate Outcome,National Committee for Quality Assurance,-,-,-,-,X,-,-,-,-,-,-,-,-,X,X,,Measure Specification Manuals
Coronary Artery Disease (CAD): Symptom Management,N/A,N/A,242,Effective Clinical Care,Outcome,American College of Cardiology,American Heart Association,American Medical Association-Physician Consortium for Performance Improvement,-,-,-,-,X,-,Coronary Artery Disease,-,-,-,-,-,-,Cardio|GenPractice|Internal,Measure Specification Manuals
Cardiac Rehabilitation Patient Referral from an Outpatient Setting,N/A,0643,243,Communication and Care Coordination,Process,American College of Cardiology Foundation,American Heart Association,-,-,-,-,-,-,X,-,-,-,-,-,-,-,,Measure Specification Manuals
Barrett's Esophagus,N/A,1854,249,Effective Clinical Care,Structure,College of American Pathologists,-,-,X,-,-,-,-,X,-,-,-,-,-,-,-,Pathology,Measure Specification Manuals
Radical Prostatectomy Pathology Reporting,N/A,1853,250,Effective Clinical Care,Structure,College of American Pathologists,-,-,X,-,-,-,-,X,-,-,-,-,-,-,-,Pathology,Measure Specification Manuals
Quantitative Immunohistochemical (IHC) Evaluation of Human Epidermal Growth Factor Receptor 2 Testing (HER2) for Breast Cancer Patients,N/A,1855,251,Effective Clinical Care,Structure,College of American Pathologists,-,-,X,-,-,-,-,X,-,-,-,-,-,-,-,Pathology,Measure Specification Manuals
"Ultrasound Determination of Pregnancy Location for Pregnant Patients with
Abdominal Pain",N/A,0651,254,Effective Clinical Care,Process,American College of Emergency Physicians,-,-,X,-,-,-,-,X,-,-,-,-,-,-,-,Emergency,Measure Specification Manuals
Rh Immunoglobulin (Rhogam) for Rh-Negative Pregnant Women at Risk of Fetal Blood Exposure,N/A,N/A,255,Effective Clinical Care,Process,American College of Emergency Physicians,-,-,X,-,-,-,-,X,-,-,-,-,-,-,-,Emergency,Measure Specification Manuals
Statin Therapy at Discharge after Lower Extremity Bypass (LEB),N/A,1519,257,Effective Clinical Care,Process,Society for Vascular Surgeons,-,-,-,-,-,-,-,X,-,-,-,-,-,-,-,,Measure Specification Manuals
Rate of Open Repair of Small or Moderate Non-Ruptured Abdominal Aortic Aneurysms (AAA) without Major Complications (Discharged to Home by Post-Operative Day #7),N/A,N/A,258,Patient Safety,Outcome,Society for Vascular Surgeons,-,-,-,-,-,-,-,X,-,-,-,-,-,-,-,GenSurgery,Measure Specification Manuals
Rate of Endovascular Aneurysm Repair (EVAR) of Small or Moderate Non-Ruptured Abdominal Aortic Aneurysms (AAA) without Major Complications (Discharged to Home by Post-Operative Day #2),N/A,N/A,259,Patient Safety,Outcome,Society for Vascular Surgeons,-,-,-,-,-,-,-,X,-,-,-,-,-,-,-,GenSurgery|Radiology,Measure Specification Manuals
"Rate of Carotid Endarterectomy (CEA) for Asymptomatic Patients, without Major Complications (Discharged to Home by Post-Operative Day #2)",N/A,N/A,260,Patient Safety,Outcome,Society for Vascular Surgeons,-,-,-,-,-,-,-,X,-,-,-,-,-,-,-,GenSurgery,Measure Specification Manuals
Referral for Otologic Evaluation for Patients with Acute or Chronic Dizziness,N/A,N/A,261,Communication and Care Coordination,Process,Audiology Quality Consortium,-,-,X,-,-,-,-,X,-,-,-,-,-,-,-,,Measure Specification Manuals
Image Confirmation of Successful Excision of Image–Localized Breast Lesion,N/A,N/A,262,Patient Safety,Process,American Society of Breast Surgeons,-,-,-,-,-,-,-,X,-,-,-,-,-,-,-,,Measure Specification Manuals
Preoperative Diagnosis of Breast Cancer,N/A,N/A,263,Effective Clinical Care,Process,American Society of Breast Surgeons,-,-,-,-,-,-,-,X,-,-,-,-,-,-,-,,Measure Specification Manuals
Sentinel Lymph Node Biopsy for Invasive Breast Cancer,N/A,N/A,264,Effective Clinical Care,Process,American Society of Breast Surgeons,-,-,-,-,-,-,-,X,-,-,-,-,-,-,-,,Measure Specification Manuals
Biopsy Follow-Up,N/A,N/A,265,Communication and Care Coordination,Process,American Academy of Dermatology,-,-,-,-,-,-,-,X,-,-,-,-,-,-,-,Derma|ObGyn|Radiology|Urology,Measure Specification Manuals
Epilepsy: Counseling for Women of Childbearing Potential with Epilepsy,N/A,1814,268,Effective Clinical Care,Outcome,American Academy of Neurology,-,-,X,-,-,-,-,X,-,-,-,-,-,-,-,,Measure Specification Manuals
Inflammatory Bowel Disease (IBD): Preventive Care: Corticosteroid Sparing Therapy,N/A,N/A,270,Effective Clinical Care,Outcome,American Gastroenterological Association,-,-,-,-,-,-,X,X,Inflammatory Bowel Disease,-,-,-,-,-,-,,Measure Specification Manuals
Inflammatory Bowel Disease (IBD): Preventive Care: Corticosteroid Related Iatrogenic Injury – Bone Loss Assessment,N/A,N/A,271,Effective Clinical Care,Process,American Gastroenterological Association,-,-,-,-,-,-,X,X,Inflammatory Bowel Disease,-,-,-,-,-,-,,Measure Specification Manuals
Inflammatory Bowel Disease (IBD): Testing for Latent Tuberculosis (TB) Before Initiating Anti-TNF (Tumor Necrosis Factor) Therapy,N/A,N/A,274,Effective Clinical Care,Process,American Gastroenterological Association,,-,-,-,-,-,X,X,Inflammatory Bowel Disease,-,-,-,-,-,-,,Measure Specification Manuals
Inflammatory Bowel Disease (IBD): Assessment of Hepatitis B Virus (HBV) Status Before Initiating Anti-TNF (Tumor Necrosis Factor) Therapy,N/A,N/A,275,Effective Clinical Care,Process,American Gastroenterological Association,-,-,-,-,-,-,X,X,Inflammatory Bowel Disease,-,-,-,-,-,-,,Measure Specification Manuals
Sleep Apnea: Assessment of Sleep Symptoms,N/A,N/A,276,Effective Clinical Care,Process,American Academy of Sleep Medicine,American Medical Association-Physician Consortium for Performance Improvement,-,-,-,-,-,X,-,Sleep Apnea,-,-,-,-,-,-,,Measure Specification Manuals
Sleep Apnea: Severity Assessment at Initial Diagnosis,N/A,N/A,277,Effective Clinical Care,Process,American Academy of Sleep Medicine,American Medical Association-Physician Consortium for Performance Improvement,-,-,-,-,-,X,-,Sleep Apnea,-,-,-,-,-,-,,Measure Specification Manuals
Sleep Apnea: Positive Airway Pressure Therapy Prescribed,N/A,N/A,278,Effective Clinical Care,Process,American Academy of Sleep Medicine,American Medical Association-Physician Consortium for Performance Improvement,-,-,-,-,-,X,-,Sleep Apnea,-,-,-,-,-,-,,Measure Specification Manuals
Sleep Apnea: Assessment of Adherence to Positive Airway Pressure Therapy,N/A,N/A,279,Effective Clinical Care,Process,American Academy of Sleep Medicine,American Medical Association-Physician Consortium for Performance Improvement,-,-,-,-,-,X,-,Sleep Apnea,-,-,-,-,-,-,,Measure Specification Manuals
Dementia: Staging of Dementia,N/A,N/A,280,Effective Clinical Care,Process,American Academy of Neurology,American Psychiatric Association,-,-,-,-,-,X,-,Dementia,-,-,-,-,-,-,,Measure Specification Manuals
Dementia: Cognitive Assessment,149v4,N/A,281,Effective Clinical Care,Process,American Medical Association-Physician Consortium for Performance Improvement,-,-,-,-,X,-,X,-,Dementia,-,-,-,-,-,-,,Measure Specification Manuals
Dementia: Functional Status Assessment,N/A,N/A,282,Effective Clinical Care,Process,American Academy of Neurology,American Psychiatric Association,-,-,-,-,-,X,-,Dementia,-,-,-,-,-,-,,Measure Specification Manuals
Dementia: Neuropsychiatric Symptom Assessment,N/A,N/A,283,Effective Clinical Care,Process,American Academy of Neurology,American Psychiatric Association,-,-,-,-,-,X,-,Dementia,-,-,-,-,-,-,,Measure Specification Manuals
Dementia: Management of Neuropsychiatric Symptoms,N/A,N/A,284,Effective Clinical Care,Process,American Academy of Neurology,American Psychiatric Association,-,-,-,-,-,X,-,Dementia,-,-,-,-,-,-,,Measure Specification Manuals
Dementia: Counseling Regarding Safety Concerns,N/A,N/A,286,Patient Safety,Process,American Academy of Neurology,American Psychiatric Association,-,-,-,-,-,X,-,Dementia,-,-,-,-,-,-,,Measure Specification Manuals
Dementia: Counseling Regarding Risks of Driving,N/A,N/A,287,Effective Clinical Care,Process,American Academy of Neurology,American Psychiatric Association,-,-,-,-,-,X,-,Dementia,-,-,-,-,-,-,,Measure Specification Manuals
Dementia: Caregiver Education and Support,N/A,N/A,288,Communication and Care Coordination,Process,American Academy of Neurology,American Psychiatric Association,-,-,-,-,-,X,-,Dementia,-,-,-,-,-,-,,Measure Specification Manuals
Parkinson’s Disease: Annual Parkinson’s Disease Diagnosis Review,N/A,N/A,289,Effective Clinical Care,Outcome,American Academy of Neurology,-,-,-,-,-,-,X,-,Parkinson's Disease,-,-,-,-,-,-,,Measure Specification Manuals
Parkinson’s Disease: Psychiatric Disorders or Disturbances Assessment,N/A,N/A,290,Effective Clinical Care,Outcome,American Academy of Neurology,-,-,-,-,-,-,X,-,Parkinson's Disease,-,-,-,-,-,-,,Measure Specification Manuals
Parkinson’s Disease: Cognitive Impairment or Dysfunction Assessment,N/A,N/A,291,Effective Clinical Care,Outcome,American Academy of Neurology,-,-,-,-,-,-,X,-,Parkinson's Disease,-,-,-,-,-,-,,Measure Specification Manuals
Parkinson’s Disease: Querying about Sleep Disturbances,N/A,N/A,292,Effective Clinical Care,Outcome,American Academy of Neurology,-,-,-,-,-,-,X,-,Parkinson's Disease,-,-,-,-,-,-,,Measure Specification Manuals
Parkinson’s Disease: Rehabilitative Therapy Options,N/A,N/A,293,Communication and Care Coordination,Outcome,American Academy of Neurology,-,-,-,-,-,-,X,-,Parkinson's Disease,-,-,-,-,-,-,,Measure Specification Manuals
Parkinson’s Disease: Parkinson’s Disease Medical and Surgical Treatment Options Reviewed,N/A,N/A,294,Communication and Care Coordination,Outcome,American Academy of Neurology,-,-,-,-,-,-,X,-,Parkinson's Disease,-,-,-,-,-,-,,Measure Specification Manuals
Cataracts: Improvement in Patient’s Visual Function within 90 Days Following Cataract Surgery,N/A,1536,303,Person and Caregiver-Centered Experience and Outcomes,Outcome,American Academy of Ophthalmology,-,-,-,-,-,-,X,X,Cataracts,-,-,-,-,-,-,Optho,Measure Specification Manuals
Cataracts: Patient Satisfaction within 90 Days Following Cataract Surgery,N/A,N/A,304,Person and Caregiver-Centered Experience and Outcomes,Outcome,American Academy of Ophthalmology,-,-,-,-,-,-,X,X,Cataracts,-,-,-,-,-,-,Optho,Measure Specification Manuals
Initiation and Engagement of Alcohol and Other Drug Dependence Treatment,137v4,0004,305,Effective Clinical Care,Process,National Committee for Quality Assurance,-,-,-,-,X,-,-,-,-,-,-,-,-,X,-,,Measure Specification Manuals
Cervical Cancer Screening,124v4,0032,309,Effective Clinical Care,Process,National Committee for Quality Assurance,-,-,-,-,X,-,-,-,-,-,-,-,-,X,-,ObGyn,Measure Specification Manuals
Chlamydia Screening for Women,153v4,0033,310,Community/Population Health,Process,National Committee for Quality Assurance,-,-,-,-,X,-,-,-,-,-,-,-,-,X,-,ObGyn,Measure Specification Manuals
Use of Appropriate Medications for Asthma,126v4,0036,311,Effective Clinical Care,Process,National Committee for Quality Assurance,-,-,-,-,X,-,-,-,-,-,-,-,-,X,-,,Measure Specification Manuals
Use of Imaging Studies for Low Back Pain,166v5,0052,312,Efficiency and Cost Reduction,Process,National Committee for Quality Assurance,-,-,-,-,X,-,-,-,-,-,-,-,-,X,-,,Measure Specification Manuals
Preventive Care and Screening: Cholesterol – Fasting Low Density Lipoprotein (LDL-C) Test Performed AND Risk-Stratified Fasting LDL-C,61v5 & 64v5,N/A,316,Effective Clinical Care, Intermediate Outcome,Centers for Medicare & Medicaid Services,Quality Insights of Pennsylvania,-,-,-,X,-,-,-,-,-,-,-,-,X,X,,Measure Specification Manuals
Preventive Care and Screening: Screening for High Blood Pressure and Follow-Up Documented,22v4,N/A,317,Community/Population Health,Process,Centers for Medicare & Medicaid Services,Mathematica,Quality Insights of Pennsylvania,X,-,X,X,X,X,"Acute Otitis Externa (AOE)
Cardiovascular Prevention
Diabetic Retinopathy",X,X,-,-,X,X,GenPractice|Internal|ObGyn,Measure Specification Manuals
Falls: Screening for Fall Risk,139v4,0101,318,Patient Safety,Process,National Committee for Quality Assurance,-,-,-,-,X,X,-,-,-,X,X,-,-,X,-,,Measure Specification Manuals
Appropriate Follow-Up Interval for Normal Colonoscopy in Average Risk Patients,N/A,0658,320,Communication and Care Coordination,Process,American Medical Association-Physician Consortium for Performance Improvement,American Gastroenterological Association,"American Society for Gastrointestinal Endoscopy/ American College of Gastroenterology
",X,-,-,-,-,X,-,-,-,-,-,-,-,Gastro,Measure Specification Manuals
CAHPS for PQRS Clinician/Group Survey,N/A,0005 & 0006,321,Person and Caregiver-Centered Experience and Outcomes,Patient Engagement/Experience,Agency for Healthcare Research & Quality,-,-,-,X,-,-,-,-,-,X,X,-,-,-,-,,Measure Specification Manuals
Cardiac Stress Imaging Not Meeting Appropriate Use Criteria: Preoperative Evaluation in Low-Risk Surgery Patients,N/A,N/A,322,Efficiency and Cost Reduction,Efficiency,American College of Cardiology,-,-,-,-,-,-,-,X,-,-,-,-,-,-,-,Cardio|Radiology,Measure Specification Manuals
Cardiac Stress Imaging Not Meeting Appropriate Use Criteria: Routine Testing After Percutaneous Coronary Intervention (PCI),N/A,N/A,323,Efficiency and Cost Reduction,Efficiency,American College of Cardiology,-,-,-,-,-,-,-,X,-,-,-,-,-,-,-,Cardio|Radiology,Measure Specification Manuals
"Cardiac Stress Imaging Not Meeting Appropriate Use Criteria: Testing in Asymptomatic, Low-Risk Patients",N/A,N/A,324,Efficiency and Cost Reduction,Efficiency,American College of Cardiology,-,-,-,-,-,-,-,X,-,-,-,-,-,-,-,Cardio|Radiology,Measure Specification Manuals
Adult Major Depressive Disorder (MDD): Coordination of Care of Patients with Specific Comorbid Conditions,N/A,N/A,325,Communication and Care Coordination,Process,American Psychiatric Association,American Medical Association-Physician Consortium for Performance Improvement,-,-,-,-,-,-,X,-,-,-,-,-,-,-,Mental,Measure Specification Manuals
Atrial Fibrillation and Atrial Flutter: Chronic Anticoagulation Therapy,N/A,1525,326,Effective Clinical Care,Process,American College of Cardiology,American Heart Association,American Medical Association-Physician Consortium for Performance Improvement,X,-,-,-,-,X,-,-,-,-,-,-,-,Cardio|GenPractice|Internal,Measure Specification Manuals
Pediatric Kidney Disease: Adequacy of Volume Management: ,N/A,N/A,327,Effective Clinical Care,Outcome,Renal Physicians Association,-,-,-,-,-,-,-,X,-,-,-,-,-,-,-,,Measure Specification Manuals
Pediatric Kidney Disease: ESRD Patients Receiving Dialysis: Hemoglobin Level < 10 g/Dl,N/A,1667,328,Effective Clinical Care, Intermediate Outcome,Renal Physicians Association,-,-,-,-,-,-,-,X,-,-,-,-,-,-,-,,Measure Specification Manuals
Adult Kidney Disease: Catheter Use at Initiation of Hemodialysis,N/A,N/A,329,Effective Clinical Care,Outcome,Renal Physicians Association,-,-,-,-,-,-,-,X,-,-,-,-,-,-,-,,Measure Specification Manuals
Adult Kidney Disease: Catheter Use for Greater Than or Equal to 90 Days,N/A,N/A,330,Patient Safety,Outcome,Renal Physicians Association,-,-,-,-,-,-,-,X,-,-,-,-,-,-,-,,Measure Specification Manuals
Adult Sinusitis: Antibiotic Prescribed for Acute Sinusitis (Overuse) ,N/A,N/A,331,Efficiency and Cost Reduction,Process,American Academy of Otolaryngology-Head and Neck Surgery,-,-,-,-,-,-,X,X,Sinusitis ,-,-,-,-,-,-,GenPractice|Internal,Measure Specification Manuals
Adult Sinusitis: Appropriate Choice of Antibiotic: Amoxicillin With or Without Clavulanate Prescribed for Patients with Acute Bacterial Sinusitis (Appropriate Use) ,N/A,N/A,332,Efficiency and Cost Reduction,Process,American Academy of Otolaryngology-Head and Neck Surgery,-,-,-,-,-,-,X,X,Sinusitis ,-,-,-,-,-,-,GenPractice|Internal,Measure Specification Manuals
Adult Sinusitis: Computerized Tomography (CT) for Acute Sinusitis (Overuse),N/A,N/A,333,Efficiency and Cost Reduction,Efficiency,American Academy of Otolaryngology-Head and Neck Surgery,-,-,-,-,-,-,X,X,Sinusitis ,-,-,-,-,-,-,GenPractice|Internal,Measure Specification Manuals
Adult Sinusitis: More than One Computerized Tomography (CT) Scan Within 90 Days for Chronic Sinusitis (Overuse),N/A,N/A,334,Efficiency and Cost Reduction,Efficiency,American Academy of Otolaryngology-Head and Neck Surgery,-,-,-,-,-,-,-,X,-,-,-,-,-,-,-,GenPractice|Internal,Measure Specification Manuals
Maternity Care: Elective Delivery or Early Induction Without Medical Indication at ≥ 37 and < 39 Weeks,N/A,N/A,335,Patient Safety,Outcome,American Medical Association-Physician Consortium for Performance Improvement,-,-,-,-,-,-,-,X,-,-,-,-,-,-,-,,Measure Specification Manuals
Maternity Care: Post-Partum Follow-Up and Care Coordination,N/A,N/A,336,Communication and Care Coordination,Process,American Medical Association-Physician Consortium for Performance Improvement,-,-,-,-,-,-,-,X,-,-,-,-,-,-,-,,Measure Specification Manuals
"Tuberculosis Prevention for Psoriasis,Psoriatic Arthritis and Rheumatoid Arthritis Patients on a Biological Immune Response Modifier",N/A,N/A,337,Effective Clinical Care,Process,American Academy of Dermatology,-,-,-,-,-,-,X,X,Rheumatoid Arthritis,-,-,-,-,-,-,Derma|GenPractice,Measure Specification Manuals
HIV Viral Load Suppression,N/A,2082,338,Effective Clinical Care,Outcome,Health Resources and Services Administration,-,-,-,-,-,-,X,-,HIV/AIDS,-,-,-,-,-,-,GenPractice,Measure Specification Manuals
Prescription of HIV Antiretroviral Therapy,N/A,2083,339,Effective Clinical Care,Process,Health Resources and Services Administration,-,-,-,-,-,-,X,-,HIV/AIDS,-,-,-,-,-,-,,Measure Specification Manuals
HIV Medical Visit Frequency,N/A,2079,340,Efficiency and Cost Reduction,Process,Health Resources and Services Administration,-,-,-,-,-,-,X,-,HIV/AIDS,-,-,-,-,-,-,,Measure Specification Manuals
Pain Brought Under Control Within 48 Hours,N/A,N/A,342,Person and Caregiver-Centered Experience and Outcomes,Outcome,National Hospice and Palliative Care Organization,-,-,-,-,-,-,-,X,-,-,-,-,-,-,-,GenPractice,Measure Specification Manuals
Screening Colonoscopy Adenoma Detection Rate Measure,N/A,N/A,343,Effective Clinical Care,Outcome,American College of Gastroenterology,American Gastroenterological Association,American Society for Gastrointestinal Endoscopy,-,-,-,-,-,X,-,-,-,-,-,-,-,Gastro|GenPractice,Measure Specification Manuals
"Rate of Carotid Artery Stenting (CAS) for Asymptomatic Patients, Without Major Complications (Discharged to Home by Post-Operative Day #2)",N/A,N/A,344,Effective Clinical Care,Outcome,Society for Vascular Surgeons,-,-,-,-,-,-,-,X,-,-,-,-,-,-,-,Radiology,Measure Specification Manuals
Rate of Postoperative Stroke or Death in Asymptomatic Patients Undergoing Carotid Artery Stenting (CAS),N/A,1543,345,Effective Clinical Care,Outcome,Society for Vascular Surgeons,-,-,-,-,-,-,-,X,-,-,-,-,-,-,-,Radiology,Measure Specification Manuals
Rate of Postoperative Stroke or Death in Asymptomatic Patients Undergoing Carotid Endarterectomy (CEA),N/A,1540,346,Effective Clinical Care,Outcome,Society for Vascular Surgeons,-,-,-,-,-,-,-,X,-,-,-,-,-,-,-,,Measure Specification Manuals
Rate of Endovascular Aneurysm Repair (EVAR) of Small or Moderate Non-Ruptured Abdominal Aortic Aneurysms (AAA) Who Die While in Hospital,N/A,1534,347,Patient Safety,Outcome,Society for Vascular Surgeons,-,-,-,-,-,-,-,X,-,-,-,-,-,-,-,GenSurgery,Measure Specification Manuals
HRS-3: Implantable Cardioverter-Defibrillator (ICD) Complications Rate,N/A,N/A,348,Patient Safety,Outcome,The Heart Rhythm Society,-,-,-,-,-,-,-,X,-,-,-,-,-,-,-,Cardio,Measure Specification Manuals
Total Knee Replacement: Shared Decision-Making: Trial of Conservative (Non-surgical) Therapy,N/A,N/A,350,Communication and Care Coordination,Outcome,American Association of Hip and Knee Surgeons,-,-,-,-,-,-,X,-,Total Knee Replacement,-,-,-,-,-,-,,Measure Specification Manuals
Total Knee Replacement: Venous Thromboembolic and Cardiovascular Risk Evaluation,N/A,N/A,351,Patient Safety,Outcome,American Association of Hip and Knee Surgeons,-,-,-,-,-,-,X,-,Total Knee Replacement,-,-,-,-,-,-,,Measure Specification Manuals
Total Knee Replacement: Preoperative Antibiotic Infusion with Proximal Tourniquet,N/A,N/A,352,Patient Safety,Outcome,American Association of Hip and Knee Surgeons,-,-,-,-,-,-,X,-,Total Knee Replacement,-,-,-,-,-,-,,Measure Specification Manuals
Total Knee Replacement: Identification of Implanted Prosthesis in Operative Report,N/A,N/A,353,Patient Safety,Outcome,American Association of Hip and Knee Surgeons,-,-,-,-,-,-,X,-,Total Knee Replacement,-,-,-,-,-,-,,Measure Specification Manuals
Anastomotic Leak Intervention,N/A,N/A,354,Patient Safety,Outcome,American College of Surgeons,-,-,-,-,-,-,X,-,General Surgery,-,-,-,-,-,-,GenSurgery,Measure Specification Manuals
Unplanned Reoperation within the 30 Day Postoperative Period,N/A,N/A,355,Patient Safety,Outcome,American College of Surgeons,-,-,-,-,-,-,X,-,General Surgery,-,-,-,-,-,-,GenSurgery,Measure Specification Manuals
Unplanned Hospital Readmission within 30 Days of Principal Procedure,N/A,N/A,356,Effective Clinical Care,Outcome,American College of Surgeons,-,-,-,-,-,-,X,-,General Surgery,-,-,-,-,-,-,GenSurgery,Measure Specification Manuals
Surgical Site Infection (SSI),N/A,N/A,357,Effective Clinical Care,Outcome,American College of Surgeons,-,-,-,-,-,-,X,-,General Surgery,-,-,-,-,-,-,GenSurgery,Measure Specification Manuals
Patient-Centered Surgical Risk Assessment and Communication,N/A,N/A,358,Person and Caregiver-Centered Experience and Outcomes,Process,American College of Surgeons,-,-,-,-,-,-,X,X,General Surgery,-,-,-,-,-,-,GenSurgery|Radiology|Urology,Measure Specification Manuals
Optimizing Patient Exposure to Ionizing Radiation: Utilization of a Standardized Nomenclature for Computed Tomography (CT) Imaging Description,N/A,N/A,359,Communication and Care Coordination,Process,American College of Radiology,-,-,-,-,-,-,X,-,Optimizing Patient Exposure to Ionizing Radiation,-,-,-,-,-,-,Radiology,Measure Specification Manuals
Optimizing Patient Exposure to Ionizing Radiation: Count of Potential High Dose Radiation Imaging Studies: Computed Tomography (CT) and Cardiac Nuclear Medicine Studies,N/A,N/A,360,Patient Safety,Process,American College of Radiology,-,-,-,-,-,-,X,-,Optimizing Patient Exposure to Ionizing Radiation,-,-,-,-,-,-,Radiology,Measure Specification Manuals
Optimizing Patient Exposure to Ionizing Radiation: Reporting to a Radiation Dose Index Registry,N/A,N/A,361,Patient Safety,Structure,American College of Radiology,-,-,-,-,-,-,X,-,Optimizing Patient Exposure to Ionizing Radiation,-,-,-,-,-,-,Radiology,Measure Specification Manuals
Optimizing Patient Exposure to Ionizing Radiation: Computed Tomography (CT) Images Available for Patient Follow-up and Comparison Purposes,N/A,N/A,362,Communication and Care Coordination,Structure,American College of Radiology,-,-,-,-,-,-,X,-,Optimizing Patient Exposure to Ionizing Radiation,-,-,-,-,-,-,Radiology,Measure Specification Manuals
Optimizing Patient Exposure to Ionizing Radiation: Search for Prior Computed Tomography (CT) Studies Through a Secure, Authorized, Media-Free, Shared Archive",N/A,N/A,363,Communication and Care Coordination,Structure,American College of Radiology,-,-,-,-,-,-,X,-,Optimizing Patient Exposure to Ionizing Radiation,-,-,-,-,-,-,Radiology,Measure Specification Manuals
Optimizing Patient Exposure to Ionizing Radiation: Appropriateness: Follow-up CT Imaging for Incidentally Detected Pulmonary Nodules According to Recommended Guidelines,N/A,N/A,364,Communication and Care Coordination,Process,American College of Radiology,-,-,-,-,-,-,X,-,Optimizing Patient Exposure to Ionizing Radiation,-,-,-,-,-,-,Radiology,Measure Specification Manuals
Hemoglobin A1c Test for Pediatric Patients,148v4,N/A,365,Effective Clinical Care,Process,National Committee for Quality Assurance,-,-,-,-,X,-,-,-,-,-,-,-,-,X,-,,Measure Specification Manuals
ADHD: Follow-Up Care for Children Prescribed Attention-Deficit/Hyperactivity Disorder (ADHD) Medication,136v5,0108,366,Effective Clinical Care,Process,National Committee for Quality Assurance,-,-,-,-,X,-,-,-,-,-,-,-,-,X,-,,Measure Specification Manuals
Bipolar Disorder and Major Depression: Appraisal for Alcohol or Chemical Substance Use,169v4,N/A,367,Effective Clinical Care,Process,Center for Quality Assessment and Improvement in Mental Health,-,-,-,-,X,-,-,-,-,-,-,-,-,X,-,,Measure Specification Manuals
HIV/AIDS: Medical Visit,62v4,N/A,368,Effective Clinical Care,Process,National Committee for Quality Assurance,-,-,-,-,X,-,-,-,-,-,-,-,-,X,-,,Measure Specification Manuals
Pregnant Women that had HBsAg Testing,158v4,N/A,369,Effective Clinical Care,Process,OptumInsight,-,-,-,-,X,-,-,-,-,-,-,-,-,X,-,,Measure Specification Manuals
Depression Remission at Twelve Months,159v4,0710,370,Effective Clinical Care,Intermediate Outcome,Minnesota Community Measurement,-,-,-,-,X,X,-,X,-,-,-,-,-,X,-,,Measure Specification Manuals
Depression Utilization of the PHQ-9 Tool,160v4,0712,371,Effective Clinical Care,Process,Minnesota Community Measurement,-,-,-,-,X,-,-,-,-,-,-,-,-,X,-,,Measure Specification Manuals
Maternal Depression Screening,82v3,N/A,372,Community/Population Health,Process,National Committee for Quality Assurance,-,-,-,-,X,-,-,-,-,-,-,-,-,X,-,,Measure Specification Manuals
Hypertension: Improvement in Blood Pressure,65v5,N/A,373,Effective Clinical Care,Intermediate Outcome,Centers for Medicare & Medicaid Services,National Committee for Quality Assurance,-,-,-,X,-,-,-,-,-,-,-,-,X,-,,Measure Specification Manuals
Closing the Referral Loop: Receipt of Specialist Report,50v4,N/A,374,Communication and Care Coordination,Process,Centers for Medicare & Medicaid Services,Mathematica,-,-,-,X,-,-,-,-,X,-,-,-,X,-,MultiChronic,Measure Specification Manuals
Functional Status Assessment for Knee Replacement,66v4,N/A,375,Person and Caregiver-Centered Experience and Outcomes,Process,Centers for Medicare & Medicaid Services,National Committee for Quality Assurance,-,-,-,X,-,-,-,-,-,-,-,-,X,-,,Measure Specification Manuals
Functional Status Assessment for Hip Replacement,56v4,N/A,376,Person and Caregiver-Centered Experience and Outcomes,Process,Centers for Medicare & Medicaid Services,National Committee for Quality Assurance,-,-,-,X,-,-,-,-,-,-,-,-,X,-,,Measure Specification Manuals
Functional Status Assessment for Complex Chronic Conditions,90v4,N/A,377,Person and Caregiver-Centered Experience and Outcomes,Process,Centers for Medicare & Medicaid Services,Mathematica,-,-,-,X,-,-,-,-,-,-,-,-,X,-,,Measure Specification Manuals
Children Who Have Dental Decay or Cavities,75v4,N/A,378,Community/Population Health,Outcome,Centers for Medicare & Medicaid Services,Mathematica,-,-,-,X,-,-,-,-,-,-,-,-,X,-,,Measure Specification Manuals
Primary Caries Prevention Intervention as Offered by Primary Care Providers, including Dentists",74v5,N/A,379,Effective Clinical Care,Process,Centers for Medicare & Medicaid Services,National Committee for Quality Assurance,-,-,-,X,-,-,-,-,-,-,-,-,X,-,,Measure Specification Manuals
ADE Prevention and Monitoring:  Warfarin Time in Therapeutic Range,179v4,N/A,380,Patient Safety,Intermediate Outcome,Centers for Medicare & Medicaid Services,National Committee for Quality Assurance,-,-,-,X,-,-,-,-,-,-,-,-,X,-,,Measure Specification Manuals
HIV/AIDS: RNA Control for Patients with HIV,77v4,N/A,381,Effective Clinical Care,Outcome,Centers for Medicare & Medicaid Services,National Committee for Quality Assurance,-,-,-,X,-,-,-,-,-,-,-,-,X,-,,Measure Specification Manuals
Child and Adolescent Major Depressive Disorder (MDD): Suicide Risk Assessment,177v4,1365,382,Patient Safety,Process,American Medical Association-Physician Consortium for Performance Improvement,-,-,-,-,X,-,-,-,-,-,-,-,-,X,-,,Measure Specification Manuals
Adherence to Antipsychotic Medications for Individuals with Schizophrenia,N/A,1879,383,Patient Safety,Intermediate Outcome,Health Services Advisory Group ,Centers for Medicare & Medicaid Services,-,-,-,-,-,-,X,-,-,-,-,-,-,-,GenPractice|Mental,Measure Specification Manuals
Adult Primary Rhegmatogenous Retinal Detachment Surgery: No Return to the Operating Room Within 90 Days of Surgery,N/A,N/A,384,Effective Clinical Care,Outcome,American Academy of Ophthalmology,-,-,-,-,-,-,-,X,-,-,-,-,-,-,-,Optho,Measure Specification Manuals
Adult Primary Rhegmatogenous Retinal Detachment Surgery: Visual Acuity Improvement Within 90 Days of Surgery,N/A,N/A,385,Effective Clinical Care,Outcome,American Academy of Ophthalmology,The Australian Council on Healthcare Standards,-,-,-,-,-,-,X,-,-,-,-,-,-,-,Optho,Measure Specification Manuals
Amyotrophic Lateral Sclerosis (ALS) Patient Care Preferences,N/A,N/A,386,Person and Caregiver-Centered Experience and Outcomes,Process,American Academy of Neurology,-,-,-,-,-,-,-,X,-,-,-,-,-,-,-,,Measure Specification Manuals
Annual Hepatitis C Virus (HCV) Screening for Patients who are Active Injection Drug Users,N/A,N/A,387,Effective Clinical Care,Process,American Medical Association-Physician Consortium for Performance Improvement,-,-,-,-,-,-,-,X,-,-,-,-,-,-,-,Gastro|GenPractice|Internal,Measure Specification Manuals
Cataract Surgery with Intra-Operative Complications (Unplanned Rupture of Posterior Capsule Requiring Unplanned Vitrectomy,N/A,N/A,388,Patient Safety,Outcome,American Academy of Ophthalmology,American College of Healthcare Sciences,-,-,-,-,-,X,X,Cataracts,-,-,-,-,-,-,Optho,Measure Specification Manuals
Cataract Surgery: Difference Between Planned and Final Refraction,N/A,N/A,389,Effective Clinical Care,Outcome,American Academy of Ophthalmology,American College of Healthcare Sciences,-,-,-,-,-,X,X,Cataracts,-,-,-,-,-,-,Optho,Measure Specification Manuals
Hepatitis C: Discussion and Shared Decision Making Surrounding Treatment Options,N/A,N/A,390,Person and Caregiver-Centered Experience and Outcomes,Process,American Medical Association-Physician Consortium for Performance Improvement,American Gastroenterological Association,-,-,-,-,-,X,X,Hepatitis C,-,-,-,-,-,-,Gastro|GenPractice|Internal,Measure Specification Manuals
Follow-up After Hospitalization for Mental Illness (FUH),N/A,0576,391,Communication and Care Coordination,Process,National Committee for Quality Assurance,-,-,-,-,-,-,-,X,-,-,-,-,-,-,-,GenPractice|Mental,Measure Specification Manuals
HRS-12: Cardiac Tamponade and/or Pericardiocentesis Following Atrial Fibrillation Ablation,N/A,2474,392,Patient Safety,Outcome,The Heart Rhythm Society,-,-,-,-,-,-,-,X,-,-,-,-,-,-,-,Cardio,Measure Specification Manuals
HRS-9: Infection within 180 Days of Cardiac Implantable Electronic Device (CIED) Implantation, Replacement, or Revision
",N/A,N/A,393,Patient Safety,Outcome,The Heart Rhythm Society,-,-,-,-,-,-,-,X,-,-,-,-,-,-,-,Cardio,Measure Specification Manuals
Immunizations for Adolescents,N/A,1407,394,Community/Population Health,Process,National Committee for Quality Assurance,-,-,-,-,-,-,-,X,-,-,-,-,-,-,-,GenPractice,Measure Specification Manuals
Lung Cancer Reporting (Biopsy/Cytology Specimens),N/A,N/A,395,Communication and Care Coordination,Process,College of American Pathologists,-,-,X,-,-,-,-,X,-,-,-,-,-,-,-,Pathology,Measure Specification Manuals
Lung Cancer Reporting (Resection Specimens),N/A,N/A,396,Communication and Care Coordination,Process,College of American Pathologists,-,-,X,-,-,-,-,X,-,-,-,-,-,-,-,Pathology,Measure Specification Manuals
Melanoma Reporting,N/A,N/A,397,Communication and Care Coordination,Process,College of American Pathologists,-,-,X,-,-,-,-,X,-,-,-,-,-,-,-,Derma|Pathology,Measure Specification Manuals
Optimal Asthma Control ,N/A,N/A,398,Effective Clinical Care,Outcome,Minnesota Community Measurement,-,-,-,-,-,-,-,X,-,-,-,-,-,-,-,GenPractice,Measure Specification Manuals
Post-Procedural Optimal Medical Therapy Composite (Percutaneous Coronary Intervention),N/A,2452,399,Effective Clinical Care,Process,American College of Cardiology,American Heart Association,American Medical Association-Physician Consortium for Performance Improvement,-,-,-,-,-,X,-,-,-,-,-,-,-,Cardio,Measure Specification Manuals
One-Time Screening for Hepatitis C Virus (HCV) for Patients at Risk,N/A,N/A,400,Effective Clinical Care,Process,American Medical Association-Physician Consortium for Performance Improvement,-,-,-,-,-,-,-,X,-,X,-,-,-,-,-,Gastro|GenPractice|Internal,Measure Specification Manuals
Hepatitis C: Screening for Hepatocellular Carcinoma (HCC) in Patients with Cirrhosis,N/A,N/A,401,Effective Clinical Care,Process,American Medical Association-Physician Consortium for Performance Improvement,American Gastroenterological Association,-,-,-,-,-,X,X,Hepatitis C,-,-,-,-,-,-,Gastro|Internal,Measure Specification Manuals
Tobacco Use and Help with Quitting Among Adolescents,N/A,N/A,402,Community/Population Health,Process,National Committee for Quality Assurance,National Collaborative for Innovation in Quality Measurement,-,-,-,-,-,X,X,Asthma,X,-,-,-,-,-,GenPractice|Mental,Measure Specification Manuals
Adult Kidney Disease: Referral to Hospice,N/A,N/A,403,Person and Caregiver-Centered Experience and Outcomes,Process,Renal Physicians Association,American Medical Association-Physician Consortium for Performance Improvement,-,-,-,-,-,-,X,-,-,,,,,,,Measure Specification Manuals
Anesthesiology Smoking Abstinence,N/A,N/A,404,Effective Clinical Care,Intermediate Outcome,American Society of Anesthesiologists,-,-,-,-,-,-,-,X,-,-,,,,,,,Measure Specification Manuals
Appropriate Follow-up Imaging for Incidental Abdominal  Lesions,N/A,N/A,405,Effective Clinical Care,Process,American College of Radiology,-,-,X,-,-,-,-,X,-,-,,,,,,Radiology,Measure Specification Manuals
Appropriate Follow-Up Imaging for Incidental Thyroid Nodules in Patients,N/A,N/A,406,Effective Clinical Care,Process,American College of Radiology,-,-,X,-,-,-,-,X,-,-,,,,,,Radiology,Measure Specification Manuals
Appropriate Treatment of Meticillin-Sensitive Staphylococcus Aureus (MSSA) Bacteremia,N/A,N/A,407,Effective Clinical Care,Process,Infectious Diseases Society of America,-,-,X,-,-,-,-,X,-,-,,,,,,Hospital,Measure Specification Manuals
Opioid Therapy Follow-up Evaluation,N/A,N/A,408,Effective Clinical Care,Process,American Academy of Neurology,-,-,-,-,-,-,-,X,-,-,,,,,,,Measure Specification Manuals
Clinical Outcome Post-Endovascular Stroke Treatment,N/A,N/A,409,Effective Clinical Care,Outcome,Society of Interventional Radiology ,-,-,-,-,-,-,-,X,-,-,,,,,,,Measure Specification Manuals
Psoriasis: Clinical Response to Oral Systemic or Biologic Medications,N/A,N/A,410,Person and Caregiver-Centered Experience and Outcomes,Outcome,American Academy of Dermatology,-,-,X,-,-,-,-,X,-,-,,,,,,,Measure Specification Manuals
Depression Remission at Six Months,N/A,0711,411,Communication and Care Coordination,Outcome,Minnesota Community Measurement,-,-,-,-,-,-,-,X,-,-,,,,,,,Measure Specification Manuals
Documentation of Signed Opioid Treatment Agreement,N/A,N/A,412,Effective Clinical Care,Process,American Academy of Neurology,-,-,-,-,-,-,-,X,-,-,,,,,,,Measure Specification Manuals
Door to Puncture Time for Endovascular Stroke Treatment,N/A,N/A,413,Effective Clinical Care,Intermediate Outcome,Society of Interventional Radiology ,-,-,-,-,-,-,-,X,-,-,,,,,,,Measure Specification Manuals
Evaluation or Interview for Risk of Opioid Misuse,N/A,N/A,414,Effective Clinical Care,Process,American Academy of Neurology,-,-,-,-,-,-,-,X,-,-,,,,,,,Measure Specification Manuals
Emergency Medicine: Emergency Department Utilization of CT for Minor Blunt Head Trauma for Patients Aged 18 Years and Older,N/A,N/A,415,Efficiency and Cost Reduction,Efficiency,American College of Emergency Physicians,-,-,X,-,-,-,-,X,-,-,,,,,,Emergency,Measure Specification Manuals
Emergency Medicine: Emergency Department Utilization of CT for Minor Blunt Head Trauma for Patients Aged 2 through 17 Years,N/A,N/A,416,Efficiency and Cost Reduction,Efficiency,American College of Emergency Physicians,-,-,X,-,-,-,-,X,-,-,,,,,,Emergency|GenPractice,Measure Specification Manuals
Rate of  Open Repair of Ascending Abdominal  Aortic Aneurysms (AAA) Where Patients Are Discharged Alive  ,N/A,1523,417,Patient Safety,Outcome,Society for Vascular Surgeons,-,-,-,-,-,-,-,X,-,-,,,,,,,Measure Specification Manuals
"Osteoporosis Management in Women Who Had a Fracture 
",N/A,0053,418,Effective Clinical Care,Process,National Committee for Quality Assurance,American Medical Association-Physician Consortium for Performance Improvement,-,X,-,-,-,-,X,-,-,-,-,-,-,-,Internal|ObGyn,Measure Specification Manuals
Overuse Of Neuroimaging For Patients With Primary Headache And A Normal Neurological Examination,N/A,N/A,419,Efficiency and Cost Reduction,Efficiency,American Academy of Neurology,,,X,-,-,-,-,X,-,-,,,,,,,Measure Specification Manuals
Varicose Vein Treatment with Saphenous Ablation: Outcome Survey ,N/A,N/A,420,Effective Clinical Care,Process,Society of Interventional Radiology ,-,-,-,-,-,-,-,X,-,-,,,,,,,Measure Specification Manuals
Appropriate Assessment of Retrievable Inferior Vena Cava Filters for Removal,N/A,N/A,421,Effective Clinical Care,Outcome,Society of Interventional Radiology ,-,-,-,-,-,-,-,X,-,-,,,,,,,Measure Specification Manuals
Performing Cystoscopy at the Time of Hysterectomy for Pelvic Organ Prolapse to Detect Lower Urinary Tract Injury,N/A,2063,422,Patient Safety,Process,American Urogynecologic Society,-,-,X,-,-,-,-,X,-,-,,,,,,ObGyn,Measure Specification Manuals
Perioperative Anti-platelet Therapy for Patients Undergoing Carotid Endarterectomy,N/A,0465,423,Effective Clinical Care,Process,Society for Vascular Surgeons,-,-,X,-,-,-,-,X,-,-,,,,,,,Measure Specification Manuals
Perioperative Temperature Management,N/A,2681,424,Patient Safety,Process,American Society of Anesthesiologists,-,-,-,-,-,-,-,X,-,-,,,,,,,Measure Specification Manuals
Photodocumentation of Cecal Intubation,N/A,N/A,425,Effective Clinical Care,Process,American College of Gastroenterology,American Gastroenterological Association,American Society for Gastrointestinal Endoscopy,X,-,-,-,-,X,-,-,,,,,,,Measure Specification Manuals
Post-Anesthetic Transfer of Care Measure: Procedure Room to a Post Anesthesia Care Unit (PACU):  ,N/A,N/A,426,Communication and Care Coordination,Process,American Society of Anesthesiologists,-,-,-,-,-,-,-,X,-,-,,,,,,,Measure Specification Manuals
Post-Anesthetic Transfer of Care: Use of Checklist or Protocol for Direct Transfer of Care from Procedure Room to Intensive Care Unit (ICU),N/A,N/A,427,Communication and Care Coordination,Process,American Society of Anesthesiologists,-,-,-,-,-,-,-,X,-,-,,,,,,,Measure Specification Manuals
Pelvic Organ Prolapse: Preoperative Assessment of Occult Stress Urinary Incontinence ,N/A,N/A,428,Effective Clinical Care,Process,American Urogynecologic Society,-,-,-,-,-,-,-,X,-,-,,,,,,,Measure Specification Manuals
Pelvic Organ Prolapse: Preoperative Screening for Uterine Malignancy ,N/A,N/A,429,Patient Safety,Process,American Urogynecologic Society,-,-,X,-,-,-,-,X,-,-,,,,,,,Measure Specification Manuals
Prevention of Post-Operative Nausea and Vomiting (PONV) – Combination Therapy,N/A,N/A,430,Patient Safety,Process,American Society of Anesthesiologists,-,-,-,-,-,-,-,X,-,-,,,,,,,Measure Specification Manuals
Preventive Care and Screening: Unhealthy Alcohol Use: Screening & Brief Counseling,N/A,2152,431,Community/Population Health,Process,American Medical Association-Physician Consortium for Performance Improvement,-,-,-,-,-,-,X,X,Preventive Care,X,,,,,,PhysTherapy|Urology,Measure Specification Manuals
Proportion of Patients Sustaining a Bladder Injury at the Time of any Pelvic Organ Prolapse Repair,N/A,N/A,432,Patient Safety,Outcome,American Urogynecologic Society,-,-,-,-,-,-,-,X,-,-,,,,,,ObGyn,Measure Specification Manuals
Proportion of Patients Sustaining a Major Viscus Injury at the Time of Any Pelvic Organ Prolapse Repair,N/A,N/A,433,Patient Safety,Outcome,American Urogynecologic Society,-,-,-,-,-,-,-,X,-,-,,,,,,ObGyn,Measure Specification Manuals
Proportion of Patients Sustaining A Ureter Injury at the Time of any Pelvic Organ Prolapse Repair,N/A,N/A,434,Patient Safety,Outcome,American Urogynecologic Society,-,-,-,-,-,-,-,X,-,-,,,,,,ObGyn,Measure Specification Manuals
Quality Of Life Assessment For Patients With Primary Headache Disorders,N/A,N/A,435,Effective Clinical Care,Outcome,American Academy of Neurology,-,-,X,-,-,-,-,X,-,-,,,,,,,Measure Specification Manuals
Radiation Consideration for Adult CT: Utilization of Dose Lowering Techniques,N/A,N/A,436,Effective Clinical Care,Process,American College of Radiology,American Medical Association-Physician Consortium for Performance Improvement,National Committee for Quality Assurance,X,-,-,-,-,X,-,-,,,,,,,Measure Specification Manuals
Rate of Surgical Conversion from Lower Extremity Endovascular Revasculatization Procedure ,N/A,N/A,437,Patient Safety,Outcome,Society of Interventional Radiology ,-,-,X,-,-,-,-,X,-,-,,,,,,,Measure Specification Manuals
Statin Therapy for the Prevention and Treatment of Cardiovascular Disease,N/A,N/A,438,Effective Clinical Care,Process,Centers for Medicare & Medicaid Services,Mathematica,Quality Insights of Pennsylvania,-,-,-,X,X,X,Cardiovascular Prevention,-,,,,,,Cardio|Gastro|GenPractice|Internal,Measure Specification Manuals
Age Appropriate Screening Colonoscopy,N/A,N/A,439,Efficiency and Cost Reduction,Efficiency,American Gastroenterological Association,American Society for Gastrointestinal Endoscopy,American College of Gastroenterology,-,-,-,-,-,X,-,-,,,,,,Gastro,Measure Specification Manuals